<?xml version="1.0" encoding="UTF-8" ?>
<XMLDB PATH="local/jobapi/db" VERSION="20241123" COMMENT="XMLDB file for Job API plugin"
    xmlns:xsi="http://www.w3.org/2001/XMLSchema-instance"
    xsi:noNamespaceSchemaLocation="../../../../lib/xmldb/xmldb.xsd"
>
  <TABLES>
    <!-- Job Listings Table -->
    <TABLE NAME="local_jobapi_jobs" COMMENT="Job Listings">
      <FIELDS>
        <FIELD NAME="id" TYPE="int" LENGTH="10" NOTNULL="true" SEQUENCE="true"/>
        <FIELD NAME="title" TYPE="char" LENGTH="255" NOTNULL="true"/>
        <FIELD NAME="company_name" TYPE="char" LENGTH="255" NOTNULL="true"/>
        <FIELD NAME="location" TYPE="char" LENGTH="255" NOTNULL="true"/>
        <FIELD NAME="description" TYPE="text" NOTNULL="true"/>
        <FIELD NAME="date_posted" TYPE="datetime" NOTNULL="true" DEFAULT="CURRENT_TIMESTAMP"/>
        <FIELD NAME="closing_date" TYPE="datetime" NOTNULL="false"/>
      </FIELDS>
      <KEYS>
        <KEY NAME="primary" TYPE="primary" FIELDS="id"/>
      </KEYS>
    </TABLE>

    <!-- Job Applications Table -->
    <TABLE NAME="local_jobapi_applications" COMMENT="Job Applications">
      <FIELDS>
        <FIELD NAME="id" TYPE="int" LENGTH="10" NOTNULL="true" SEQUENCE="true"/>
        <FIELD NAME="job_id" TYPE="int" LENGTH="10" NOTNULL="true"/>
        <FIELD NAME="user_id" TYPE="int" LENGTH="10" NOTNULL="true"/>
        <FIELD NAME="resume" TYPE="char" LENGTH="255" NOTNULL="true"/>
        <FIELD NAME="application_date" TYPE="datetime" NOTNULL="true"/>
      </FIELDS>
      <KEYS>
        <KEY NAME="primary" TYPE="primary" FIELDS="id"/>
      </KEYS>
    </TABLE>
  </TABLES>
</XMLDB>
